No id,4Pcs Wash Zoom 36x18w 6in1 Moving Head Light Lyre 36x12w 4in1 LED Dj Disco Party Professional Performance Spot Stage Light,RON1,579.51,https://api.aliseeks.com/products/redirect?path=5A70dnRRffLarOLQw35F37BNY49TfnztpCh5Bl2EGtxKy%2BUNeVuA3uVgHK8F0anNvnAvC6%2FJey2AecXczki6jTpUtDKBdCmzZp8YzYATL8UMixRrIf3z3fH%2B52kPELqAlJdovPjysv8fyGmgOgKFer0plVWr8hyDC%2B%2FljeATVDKEDQAm%2Bx0qaDc5BivEVzAaOOxG2BZyQtsCPrWRjYjSxfWO7YWG7mBfMAIzvrmWye8%3D&tag,No views
No id,180W AC 120-240V Aluminum 54LED Par Light Disco DJ KTV Party Dance Stage Lamp LED Light Dance Stage Lamp,RON89.58,https://api.aliseeks.com/products/redirect?path=mFbS%2BAoUVaeMWi%2BhAcIQam6cEY9dmh7fYmj4C%2B2WOf5hTNkaW8p8OPADxvhWuCa40s2zl7%2ByC5H0MMR6nlBegn3y3TFU9LOkJrjw0BjYYTCyFx86xB5gR9Y400eiOpQFcAjwRS1QKDRWlOPMoFGZuAmxBEiIwK8cjOVCcISHPCbUpuSXGxPdHuHIPYTRqezsF8dw6OlP%2Fa6Vg1fcD4eoCU9N%2F3M83hoB6Rqf6chCpzI%3D&tag,No views
No id,36W Professional Disco light DMX512 Voice Control RGB LED Ktv Bar Party DJ Decorative Stage Light Effect Projector par lamp,RON70.27,https://api.aliseeks.com/products/redirect?path=EVQa8ctiMBaOcWAxOsKhiNYqy5MYkKnAu83FmUic0w5MuQuQYarPzErJMGTnIqZdxaEX%2BF4%2BuzJUG81aG%2BTS%2BM9cpHFLz3JfYxpubFAzAGPKYZ%2BjxAHv5hcwqWCaXC3rvmQGC7%2F0TuRlHwI2oNquwGi6vpceZL8ySJeNRumvwpaeorWfXdHm9zpZAwN2QO6jWegylPFZXi%2FeOVrqKRi4MoA9NE9aJDKd2qWU03rThh0%3D&tag,No views
No id,4Pcs Wash Zoom 36x18w 6in1 Moving Head Light Lyre 36x12w 4in1 LED Dj Disco Party Professional Performance Spot Stage Light,RON1,579.51,https://api.aliseeks.com/products/redirect?path=euOnn0%2B0oxfP3exoXlqYpOhNYY4aOq558ShyVKBpy7i1o7FH5prEZmm6Yg043avhljwlrtpT8l%2BjH%2F15%2F%2BhppORgorkyonBp5Lv3tTj3kh4gJ6dy21rIwlwItFtMxIVyGOA3MIZwTqw1ss4rwDOlJfAd1TtaWWfyZnElU4FjSvxnO0ck3Aip2uAuSLkme66i2QF3O0XrQiH%2FUz4z7%2ByY8EUR84TWrbkVJx6gtws0MC4%3D&tag,No views
No id,180W AC 120-240V Aluminum 54LED Par Light Disco DJ KTV Party Dance Stage Lamp LED Light Dance Stage Lamp,RON89.58,https://api.aliseeks.com/products/redirect?path=yuBcxjPGwA1D93kwLZG21Mofd5SrZHRmyVMexsuDM%2BIgoJDQ%2FVopmSNj9zK7NqMrFzW%2BppvxqSnwkMAj9AhYPs4blaFM1MUipVYXGc5mq1U69cura6SzjsGpoSqtL77YIW97nx2ugi62CDZSOXjP7ZgiiKMtHnAXctwxrrKmHOoohRXdQGB3CmrSvtGBkW6LkCJMgLJj69LYxSYEC3J%2FpR5JwAyeq11zrWTsk7EUG9c%3D&tag,No views
No id,36W Professional Disco light DMX512 Voice Control RGB LED Ktv Bar Party DJ Decorative Stage Light Effect Projector par lamp,RON70.27,https://api.aliseeks.com/products/redirect?path=RripEhYU6JrrFDWEuq68nMzR%2Fznj52uiAFv4aJK2JQIbeLTYULqEnSCc5cXuiIdWYfiuGcLXetJWy5p9fKSwf4HWBd0BHeD4IuaRtFSPJ%2FeVxgUQ0USp8hd7mjP2Gin7jkSgWroHImqlTYg%2FvU7RTYuRkCJaj3ABJOcYxXHfdO9L4Fc0tdUkCcA2SYCylp5phgq7Jux2FvnOoSPBKni9P9TOgUoLsAH4FxceTC%2FsbVk%3D&tag,No views
No id,4Pcs Wash Zoom 36x18w 6in1 Moving Head Light Lyre 36x12w 4in1 LED Dj Disco Party Professional Performance Spot Stage Light,RON1,579.51,https://api.aliseeks.com/products/redirect?path=euOnn0%2B0oxfP3exoXlqYpOhNYY4aOq558ShyVKBpy7i1o7FH5prEZmm6Yg043avhljwlrtpT8l%2BjH%2F15%2F%2BhppORgorkyonBp5Lv3tTj3kh4gJ6dy21rIwlwItFtMxIVyGOA3MIZwTqw1ss4rwDOlJfAd1TtaWWfyZnElU4FjSvxnO0ck3Aip2uAuSLkme66i2QF3O0XrQiH%2FUz4z7%2ByY8EUR84TWrbkVJx6gtws0MC4%3D&tag,No views
No id,4Pcs Wash Zoom 36x18w 6in1 Moving Head Light Lyre 36x12w 4in1 LED Dj Disco Party Professional Performance Spot Stage Light,RON1,579.51,https://api.aliseeks.com/products/redirect?path=%2BBBrGe4ZR%2FaFFyRln3VejNZOMRZjlAqEAzai0POLuzuoeEk5fWwvjJYF1jVNH1Rgkslgrug8%2F0JCrfixapgnr4Rgc75ZJW35gDLrBQi86afrTryneLtiIw9rL4o8zPlm97YgVF3pX9%2BP6wE7so189fdF%2ByZJRAsCMBEpttsXjXKCqFNZH00RNjr5nfimqYw7Xg%2BDBSYMh9%2FwuahPA7zE0pg4BFvjLKOk6nkh3qvevrU%3D&tag,No views
No id,4Pcs Wash Zoom 36x18w 6in1 Moving Head Light Lyre 36x12w 4in1 LED Dj Disco Party Professional Performance Spot Stage Light,RON1,579.51,https://api.aliseeks.com/products/redirect?path=%2BBBrGe4ZR%2FaFFyRln3VejNZOMRZjlAqEAzai0POLuzuoeEk5fWwvjJYF1jVNH1Rgkslgrug8%2F0JCrfixapgnr4Rgc75ZJW35gDLrBQi86afrTryneLtiIw9rL4o8zPlm97YgVF3pX9%2BP6wE7so189fdF%2ByZJRAsCMBEpttsXjXKCqFNZH00RNjr5nfimqYw7Xg%2BDBSYMh9%2FwuahPA7zE0pg4BFvjLKOk6nkh3qvevrU%3D&tag,No views
No id,4Pcs Wash Zoom 36x18w 6in1 Moving Head Light Lyre 36x12w 4in1 LED Dj Disco Party Professional Performance Spot Stage Light,RON1,579.51,https://api.aliseeks.com/products/redirect?path=0ZT6Ik5QqOQVZS7%2FS%2B8776TcbXYirK5N3QW6fTUOlAQiShULFXSUE0mUeLiqv7gooAAHbYrRzBSEAEdHVUeXJFjpRGI43qQU4uuD9lk6s1Ii%2F7xhlRdaaCO0%2Bmxdh%2BvcJbLc7BO4bSrQlUDZLFl00R1GgHhbfJ%2F88WTmL9QeV6ayUDvZmdFjUBqP7c4p5%2BgB%2Fd4f5jtFG%2FYOnaGuFyVUvStjHTdLFd3grA%2FE%2F4x0sho%3D&tag,No views
No id,4Pcs Wash Zoom 36x18w 6in1 Moving Head Light Lyre 36x12w 4in1 LED Dj Disco Party Professional Performance Spot Stage Light,RON1,579.51,https://api.aliseeks.com/products/redirect?path=2hDf1aGCetc6vxpXac%2FzKLns8IzEPyx%2BYyng%2BItsa%2B1aeZils%2FXcMEoaUY%2Bk36v1hKhlNIceC7RMnGrpPORkCtwm%2FoWTnDhSCTYAPF6JYyoollGKUpjLCqgnpdIP3u3wFbGEogmURK6Jw8Jx195ZeyaujjnIs98td5oNojba09OnQgufh3dHAhw2OL5bk6si07gRJOHvfeocEXRS4hJwF3GTl8MVC6C92BVNLAWkwvs%3D&tag,No views
No id,4Pcs Wash Zoom 36x18w 6in1 Moving Head Light Lyre 36x12w 4in1 LED Dj Disco Party Professional Performance Spot Stage Light,RON1,579.51,https://api.aliseeks.com/products/redirect?path=2hDf1aGCetc6vxpXac%2FzKLns8IzEPyx%2BYyng%2BItsa%2B1aeZils%2FXcMEoaUY%2Bk36v1hKhlNIceC7RMnGrpPORkCtwm%2FoWTnDhSCTYAPF6JYyoollGKUpjLCqgnpdIP3u3wFbGEogmURK6Jw8Jx195ZeyaujjnIs98td5oNojba09OnQgufh3dHAhw2OL5bk6si07gRJOHvfeocEXRS4hJwF3GTl8MVC6C92BVNLAWkwvs%3D&tag,No views
No id,4Pcs Wash Zoom 36x18w 6in1 Moving Head Light Lyre 36x12w 4in1 LED Dj Disco Party Professional Performance Spot Stage Light,RON1,579.51,https://api.aliseeks.com/products/redirect?path=2hDf1aGCetc6vxpXac%2FzKLns8IzEPyx%2BYyng%2BItsa%2B1aeZils%2FXcMEoaUY%2Bk36v1hKhlNIceC7RMnGrpPORkCtwm%2FoWTnDhSCTYAPF6JYyoollGKUpjLCqgnpdIP3u3wFbGEogmURK6Jw8Jx195ZeyaujjnIs98td5oNojba09OnQgufh3dHAhw2OL5bk6si07gRJOHvfeocEXRS4hJwF3GTl8MVC6C92BVNLAWkwvs%3D&tag,No views
No id,4Pcs Wash Zoom 36x18w 6in1 Moving Head Light Lyre 36x12w 4in1 LED Dj Disco Party Professional Performance Spot Stage Light,1,https://api.aliseeks.com/products/redirect?path=g8uI0kSQcbsBPKM3omTEhXthovcp9wXUXjh51dZFwUNPA97tSydCdBylohLRjnFZSh0x6KKERtbfyebnqZ2AghVBp7Bm2w21%2B7peAQ6Fm%2BaOgZI4OxuG7rRV2vf%2FIN%2F1R8rSMvwstRkF5bFRaBgGPcfrzLalH%2BF0MLzC4F75g02G3xoC2wAa4lIBR6IuZMicURVVSz%2BISNsWZZM7sRvDboLOhEsNeeiDM8LmMxBucI4%3D&tag,No views
No id,4Pcs Wash Zoom 36x18w 6in1 Moving Head Light Lyre 36x12w 4in1 LED Dj Disco Party Professional Performance Spot Stage Light,1.579.86,https://api.aliseeks.com/products/redirect?path=g8uI0kSQcbsBPKM3omTEhXthovcp9wXUXjh51dZFwUNPA97tSydCdBylohLRjnFZSh0x6KKERtbfyebnqZ2AghVBp7Bm2w21%2B7peAQ6Fm%2BaOgZI4OxuG7rRV2vf%2FIN%2F1R8rSMvwstRkF5bFRaBgGPcfrzLalH%2BF0MLzC4F75g02G3xoC2wAa4lIBR6IuZMicURVVSz%2BISNsWZZM7sRvDboLOhEsNeeiDM8LmMxBucI4%3D&tag,No views
No id,4Pcs Wash Zoom 36x18w 6in1 Moving Head Light Lyre 36x12w 4in1 LED Dj Disco Party Professional Performance Spot Stage Light,1579.86,https://api.aliseeks.com/products/redirect?path=g8uI0kSQcbsBPKM3omTEhXthovcp9wXUXjh51dZFwUNPA97tSydCdBylohLRjnFZSh0x6KKERtbfyebnqZ2AghVBp7Bm2w21%2B7peAQ6Fm%2BaOgZI4OxuG7rRV2vf%2FIN%2F1R8rSMvwstRkF5bFRaBgGPcfrzLalH%2BF0MLzC4F75g02G3xoC2wAa4lIBR6IuZMicURVVSz%2BISNsWZZM7sRvDboLOhEsNeeiDM8LmMxBucI4%3D&tag,No views
