226877692,No title,170,https://www.olx.ro/d/oferta/joystick-flydigi-wasp-2-pubg-cod-fortnite-trigger-IDflXfC.html,645
No id,Original Flydigi WASP2 Game Handle Wireless Smart Controller iOS Android for ipad for iphone XS MAX iphone 6/7/8 plus,141.65,https://api.aliseeks.com/products/redirect?path=%2BY6XfD%2FbJ0NUz7%2Bat%2BbhwINH%2FnwhizrN4SkJF4cmNheOhekXn2pTQYRHarOjczW7mGVtCT%2Fl%2Fmg%2FilnU%2BTgLot0nE0ZiquHCLbQnUpReSKKQuDx4gyuh%2BZNElaHyCpGP6KIMIhkg%2F5ivGkY%2FFfNEJ%2Bf7SItIEZwTgMXBv19PPCsA%2FuVOTesQ0G03Oci4NnBn%2BKKY2%2FmCLW1C28%2FmLMbZxvbZMW6Pglmf&tag,No views

226877692,No title,170,https://www.olx.ro/d/oferta/joystick-flydigi-wasp-2-pubg-cod-fortnite-trigger-IDflXfC.html,645
No id,Professional Fishing Slingshot with Rubber Band Outdoor Hunting Catapult Outdoors Fishing Compound Bow Catching Fishing Tools,190.60,https://api.aliseeks.com/products/redirect?path=I4A6wWsCk85mXcTYkG70S3ECRpfhbrSh%2BFxOHd3k8HspXe%2BV1M6F93njpuzrt3DyXAfJBklRgaNX%2BuIs1vDw6hWt9%2FH3oLq5tApux49loUAqyDSNqT4s3QK64Zfb4DdGkXfm%2BoAqpbQ%2BJF3wFYbps%2FViBjaFOTt2UN89mh9NejuZZ%2Bmv4a3mBkswhv6XAbcJsAddSo9doRMr0Hs8M3ygADfFgd58TFRdeMmwRz%2FP0WU%3D&tag,No views

226877692,No title,170,https://www.olx.ro/d/oferta/joystick-flydigi-wasp-2-pubg-cod-fortnite-trigger-IDflXfC.html,645
No id,RENEWER ACCUM. DKOT20 with a 38-proposed INSTRUMENTS. DEKO 063-2052,556.93,https://api.aliseeks.com/products/redirect?path=qmFfqi7yyKPZWHGTj9Gq5oAo6EkS4OloAbtpzZRqO3lrJRxu1sPmKwGF%2BKrG3ZLoNyrPtrfFyKBmftIJAOUt0HX6UbR6DsuOblaAfnE5Q2TFRKgQWIZ7eTppxeQUis7t%2FnNP3CTglfGnbhMekAfH0REVFB3%2FDBxGPmvup1Jtmv%2Fn91WHYymfBa7euQm8lM5EeaqaUcPj3sWc5H8ZOO2%2BO7FWUVLaPD29n%2B1ApSUvkwQ%3D&tag,No views

226877692,No title,170,https://www.olx.ro/d/oferta/joystick-flydigi-wasp-2-pubg-cod-fortnite-trigger-IDflXfC.html,645
No id,Portable Game Player GamePad 6 Axis Gyroscope Gravity Sensing Mini Pocket Games Joystick Game Controller Grip for Switch/NS OLED,74.93,https://api.aliseeks.com/products/redirect?path=fN0OMW91gAht%2B8%2F1cdAcL3NQRi2o82rPeRS0eCDL374Tun4HOvclYoCWYbJFILVZx0wVzk9Q6xt0OklE7hJ49qZt%2FbFiFBzNosiGQcWVafJzBP%2Fntc7LMt74OosXs7L3WP3oun%2FxeWOztki4EzGeWt1nM4oRXt1fTJ%2B3slI%2Be1yZCjJrScjYFGguNZRiYzgJRTDDKwZsjbJKjFrk8iNQp2YPgNKl%2BAUZDIv9ePoFEzs%3D&tag,No views

